Cat,AUN,LEA Name,County,"Committed
Fund Balance 0830","Assigned
Fund Balance 0840","Unassigned
Fund Balance 0850"
1.0,112011103.0,Bermudian Springs SD,Adams,96056.0,2975440.0,2745746.0
1.0,112011603.0,Conewago Valley SD,Adams,,,8363511.0
1.0,112013054.0,Fairfield Area SD,Adams,2748765.0,6575716.0,915154.0
1.0,112013753.0,Gettysburg Area SD,Adams,9888175.0,5709610.0,5128177.0
1.0,112015203.0,Littlestown Area SD,Adams,,8237223.0,3103763.0
1.0,112018523.0,Upper Adams SD,Adams,,3237270.0,3589927.0
1.0,103020603.0,Allegheny Valley SD,Allegheny,,8700000.0,3246399.0
1.0,103020753.0,Avonworth SD,Allegheny,2000000.0,,5724374.0
1.0,103021102.0,Baldwin-Whitehall SD,Allegheny,2468797.0,18002346.0,6338979.0
1.0,103021252.0,Bethel Park SD,Allegheny,9821127.0,7311424.0,5840140.0
1.0,103021453.0,Brentwood Borough SD,Allegheny,1750000.0,3161980.0,1764692.0
1.0,103021603.0,Carlynton SD,Allegheny,,622500.0,8450809.0
1.0,103021752.0,Chartiers Valley SD,Allegheny,1380643.0,,5002109.0
1.0,103021903.0,Clairton City SD,Allegheny,,,
1.0,103022103.0,Cornell SD,Allegheny,,,-892329.0
1.0,103022253.0,Deer Lakes SD,Allegheny,,3200000.0,1269945.0
1.0,103022503.0,Duquesne City SD,Allegheny,,,1481740.0
1.0,103022803.0,East Allegheny SD,Allegheny,,,-5393459.0
1.0,103023153.0,Elizabeth Forward SD,Allegheny,,6000000.0,3229764.0
1.0,103023912.0,Fox Chapel Area SD,Allegheny,6821888.0,10123834.0,10125722.0
1.0,103024102.0,Gateway SD,Allegheny,4527000.0,,9181821.0
1.0,103024603.0,Hampton Township SD,Allegheny,994000.0,12595.0,3904478.0
1.0,103024753.0,Highlands SD,Allegheny,3572031.0,14915341.0,7552885.0
1.0,103025002.0,Keystone Oaks SD,Allegheny,6000000.0,628907.0,5753432.0
1.0,103026002.0,McKeesport Area SD,Allegheny,,,16505305.0
1.0,103026303.0,Montour SD,Allegheny,,19257564.0,10871573.0
1.0,103026343.0,Moon Area SD,Allegheny,11000000.0,4000000.0,6035659.0
1.0,103026402.0,Mt Lebanon SD,Allegheny,,644717.0,4605500.0
1.0,103026852.0,North Allegheny SD,Allegheny,1211443.0,8852051.0,15313763.0
1.0,103026902.0,North Hills SD,Allegheny,,9702969.0,4875513.0
1.0,103026873.0,Northgate SD,Allegheny,,8243862.0,2218151.0
1.0,103027352.0,Penn Hills SD,Allegheny,4000000.0,,15202626.0
1.0,103021003.0,Pine-Richland SD,Allegheny,192471.0,27696986.0,7598407.0
1.0,102027451.0,Pittsburgh SD,Allegheny,72135397.0,37157955.0,114685103.0
1.0,103027503.0,Plum Borough SD,Allegheny,7843221.0,,5676158.0
1.0,103027753.0,Quaker Valley SD,Allegheny,1075000.0,3367500.0,4255602.0
1.0,103028203.0,Riverview SD,Allegheny,,,8544594.0
1.0,103028302.0,Shaler Area SD,Allegheny,,1615253.0,5987102.0
1.0,103028653.0,South Allegheny SD,Allegheny,,3853386.0,290729.0
1.0,103028703.0,South Fayette Township SD,Allegheny,27641316.0,,4592744.0
1.0,103028753.0,South Park SD,Allegheny,,6053286.0,3325355.0
1.0,103028833.0,Steel Valley SD,Allegheny,,2000000.0,2075380.0
1.0,103028853.0,Sto-Rox SD,Allegheny,,,4465124.0
1.0,103029203.0,Upper St. Clair SD,Allegheny,,3550000.0,7569398.0
1.0,103029403.0,West Allegheny SD,Allegheny,,17899699.0,14213957.0
1.0,103029553.0,West Jefferson Hills SD,Allegheny,13761671.0,,4754322.0
1.0,103029603.0,West Mifflin Area SD,Allegheny,,,8394282.0
1.0,103029803.0,Wilkinsburg Borough SD,Allegheny,,,7580408.0
1.0,103029902.0,Woodland Hills SD,Allegheny,,5204217.0,8000000.0
1.0,128030603.0,Apollo-Ridge SD,Armstrong,,,9775629.0
1.0,128030852.0,Armstrong SD,Armstrong,6194828.0,4000000.0,8000000.0
1.0,128033053.0,Freeport Area SD,Armstrong,3000000.0,14119.0,3078176.0
1.0,128034503.0,Leechburg Area SD,Armstrong,1033205.0,2441793.0,1928541.0
1.0,127040503.0,Aliquippa SD,Beaver,,,7980544.0
1.0,127040703.0,Ambridge Area SD,Beaver,,,10030897.0
1.0,127041203.0,Beaver Area SD,Beaver,,8217822.0,3000000.0
1.0,127041503.0,Big Beaver Falls Area SD,Beaver,,5488869.0,2711998.0
1.0,127041603.0,Blackhawk SD,Beaver,,4242624.0,1660923.0
1.0,127042003.0,Central Valley SD,Beaver,891599.0,1000000.0,2879240.0
1.0,127042853.0,Freedom Area SD,Beaver,5172021.0,,2367390.0
1.0,127044103.0,Hopewell Area SD,Beaver,2261249.0,,3613962.0
1.0,127045303.0,Midland Borough SD,Beaver,,,3785329.0
1.0,127045653.0,New Brighton Area SD,Beaver,,6569918.0,5157152.0
1.0,127045853.0,Riverside Beaver County SD,Beaver,,2374608.0,1580381.0
1.0,127046903.0,Rochester Area SD,Beaver,,,705220.0
1.0,127047404.0,South Side Area SD,Beaver,,4925738.0,1705778.0
1.0,127049303.0,Western Beaver County SD,Beaver,,5185.0,1015653.0
1.0,108051003.0,Bedford Area SD,Bedford,2580052.0,,3483170.0
1.0,108051503.0,Chestnut Ridge SD,Bedford,7921375.0,,2696599.0
1.0,108053003.0,Everett Area SD,Bedford,,400000.0,3434417.0
1.0,108056004.0,Northern Bedford County SD,Bedford,1975000.0,2032335.0,2332793.0
1.0,108058003.0,Tussey Mountain SD,Bedford,,,8236491.0
1.0,114060503.0,Antietam SD,Berks,5131082.0,1824072.0,2056249.0
1.0,114060753.0,Boyertown Area SD,Berks,4100000.0,9000000.0,8606290.0
1.0,114060853.0,Brandywine Heights Area SD,Berks,1500000.0,6388822.0,3643751.0
1.0,114061103.0,Conrad Weiser Area SD,Berks,1533854.0,1960685.0,4314325.0
1.0,114061503.0,Daniel Boone Area SD,Berks,1209136.0,,6353282.0
1.0,114062003.0,Exeter Township SD,Berks,2321821.0,9390630.0,4479865.0
1.0,114062503.0,Fleetwood Area SD,Berks,257584.0,297615.0,2689324.0
1.0,114063003.0,Governor Mifflin SD,Berks,1250000.0,500000.0,5804216.0
1.0,114063503.0,Hamburg Area SD,Berks,64963.0,19088564.0,2683251.0
1.0,114064003.0,Kutztown Area SD,Berks,3361928.0,201814.0,2337308.0
1.0,114065503.0,Muhlenberg SD,Berks,,14682987.0,6212943.0
1.0,114066503.0,Oley Valley SD,Berks,,777015.0,2847154.0
1.0,114067002.0,Reading SD,Berks,,,101169812.0
1.0,114067503.0,Schuylkill Valley SD,Berks,543533.0,1223755.0,1548026.0
1.0,114068003.0,Tulpehocken Area SD,Berks,2000000.0,,3188493.0
1.0,114068103.0,Twin Valley SD,Berks,,8660000.0,8234667.0
1.0,114069103.0,Wilson SD,Berks,23677595.0,1000000.0,7627086.0
1.0,114069353.0,Wyomissing Area SD,Berks,12258294.0,161004.0,3461173.0
1.0,108070502.0,Altoona Area SD,Blair,20000000.0,,11116932.0
1.0,108071003.0,Bellwood-Antis SD,Blair,193966.0,80437.0,2208189.0
1.0,108071504.0,Claysburg-Kimmel SD,Blair,,2871051.0,2232802.0
1.0,108073503.0,Hollidaysburg Area SD,Blair,3722941.0,183429.0,6871435.0
1.0,108077503.0,Spring Cove SD,Blair,1400000.0,1683561.0,6362157.0
1.0,108078003.0,Tyrone Area SD,Blair,1000000.0,6164647.0,3266856.0
1.0,108079004.0,Williamsburg Community SD,Blair,1750000.0,621703.0,1571514.0
1.0,117080503.0,Athens Area SD,Bradford,,7116408.0,160053.0
1.0,117081003.0,Canton Area SD,Bradford,,5535367.0,1585460.0
1.0,117083004.0,Northeast Bradford SD,Bradford,967688.0,5129000.0,1475853.0
1.0,117086003.0,Sayre Area SD,Bradford,,1301062.0,1070970.0
1.0,117086503.0,Towanda Area SD,Bradford,500000.0,3681630.0,2084613.0
1.0,117086653.0,Troy Area SD,Bradford,3312136.0,1463262.0,2641277.0
1.0,117089003.0,Wyalusing Area SD,Bradford,5587834.0,,4925073.0
1.0,122091002.0,Bensalem Township SD,Bucks,5000000.0,,13337347.0
1.0,122091303.0,Bristol Borough SD,Bucks,,,1355726.0
1.0,122091352.0,Bristol Township SD,Bucks,3237285.0,23000000.0,13124278.0
1.0,122092002.0,Centennial SD,Bucks,2500000.0,,10248367.0
1.0,122092102.0,Central Bucks SD,Bucks,,18688284.0,42404172.0
1.0,122092353.0,Council Rock SD,Bucks,10432840.0,238227.0,16508812.0
1.0,122097203.0,Morrisville Borough SD,Bucks,,,-1802612.0
1.0,122097502.0,Neshaminy SD,Bucks,15000000.0,17240754.0,12700196.0
1.0,122097604.0,New Hope-Solebury SD,Bucks,18012602.0,,3268812.0
1.0,122098003.0,Palisades SD,Bucks,16441438.0,5756335.0,3258403.0
1.0,122098103.0,Pennridge SD,Bucks,6041781.0,3360899.0,9987644.0
1.0,122098202.0,Pennsbury SD,Bucks,,,18266479.0
1.0,122098403.0,Quakertown Community SD,Bucks,31369843.0,,9499558.0
1.0,104101252.0,Butler Area SD,Butler,,12106637.0,8834517.0
1.0,104103603.0,Karns City Area SD,Butler,,,8690712.0
1.0,104107803.0,Knoch SD,Butler,,8151490.0,2651224.0
1.0,104105003.0,Mars Area SD,Butler,,4000000.0,4195038.0
1.0,104105353.0,Moniteau SD,Butler,,,6955014.0
1.0,104107903.0,Seneca Valley SD,Butler,1000000.0,32534402.0,12000000.0
1.0,104107503.0,Slippery Rock Area SD,Butler,,5000000.0,1306366.0
1.0,108110603.0,Blacklick Valley SD,Cambria,,2563222.0,7143024.0
1.0,108111203.0,Cambria Heights SD,Cambria,,,5165732.0
1.0,108111303.0,Central Cambria SD,Cambria,,2516005.0,777238.0
1.0,108111403.0,Conemaugh Valley SD,Cambria,,5541138.0,1410733.0
1.0,108112003.0,Ferndale Area SD,Cambria,,1266030.0,3006744.0
1.0,108112203.0,Forest Hills SD,Cambria,,3500000.0,2451847.0
1.0,108112502.0,Greater Johnstown SD,Cambria,,,9584578.0
1.0,108114503.0,Northern Cambria SD,Cambria,10000000.0,1000000.0,1768575.0
1.0,108116003.0,Penn Cambria SD,Cambria,5707701.0,6453.0,2059804.0
1.0,108116303.0,Portage Area SD,Cambria,3893561.0,,3065812.0
1.0,108116503.0,Richland SD,Cambria,3622635.0,5746064.0,700222.0
1.0,108118503.0,Westmont Hilltop SD,Cambria,152293.0,5635310.0,1083560.0
1.0,109122703.0,Cameron County SD,Cameron,1406005.0,,1747252.0
1.0,121135003.0,Jim Thorpe Area SD,Carbon,,6000000.0,9150183.0
1.0,121135503.0,Lehighton Area SD,Carbon,,4977189.0,7045179.0
1.0,121136503.0,Palmerton Area SD,Carbon,3276779.0,7514443.0,
1.0,121136603.0,Panther Valley SD,Carbon,,,8678135.0
1.0,121139004.0,Weatherly Area SD,Carbon,,,4768200.0
1.0,110141003.0,Bald Eagle Area SD,Centre,3985427.0,12592250.0,4288475.0
1.0,110141103.0,Bellefonte Area SD,Centre,3475662.0,,10417175.0
1.0,110147003.0,Penns Valley Area SD,Centre,14500000.0,,5143216.0
1.0,110148002.0,State College Area SD,Centre,35381831.0,84745.0,14571231.0
1.0,124150503.0,Avon Grove SD,Chester,5998719.0,16344582.0,8536034.0
1.0,124151902.0,Coatesville Area SD,Chester,,7500000.0,16039805.0
1.0,124152003.0,Downingtown Area SD,Chester,,,20481452.0
1.0,124153503.0,Great Valley SD,Chester,,33160901.0,6108085.0
1.0,124154003.0,Kennett Consolidated SD,Chester,2050000.0,,7791029.0
1.0,124156503.0,Octorara Area SD,Chester,,6286216.0,5886787.0
1.0,124156603.0,Owen J Roberts SD,Chester,3883467.0,6556418.0,6251447.0
1.0,124156703.0,Oxford Area SD,Chester,8508801.0,,1923599.0
1.0,124157203.0,Phoenixville Area SD,Chester,,,34910000.0
1.0,124157802.0,Tredyffrin-Easttown SD,Chester,32854963.0,238984.0,
1.0,124158503.0,Unionville-Chadds Ford SD,Chester,2971787.0,,4691051.0
1.0,124159002.0,West Chester Area SD,Chester,4159909.0,65220834.0,17271817.0
1.0,106160303.0,Allegheny-Clarion Valley SD,Clarion,,1102181.0,918915.0
1.0,106161203.0,Clarion Area SD,Clarion,4098386.0,639313.0,2929116.0
1.0,106161703.0,Clarion-Limestone Area SD,Clarion,4510609.0,,1500000.0
1.0,106166503.0,Keystone SD,Clarion,,5541203.0,1500000.0
1.0,106167504.0,North Clarion County SD,Clarion,,1379703.0,
1.0,106168003.0,Redbank Valley SD,Clarion,500000.0,1356033.0,2533541.0
1.0,106169003.0,Union SD,Clarion,4851673.0,,227470.0
1.0,110171003.0,Clearfield Area SD,Clearfield,6811067.0,2983903.0,2828868.0
1.0,110171803.0,Curwensville Area SD,Clearfield,,,6417544.0
1.0,106172003.0,DuBois Area SD,Clearfield,5996000.0,17982821.0,5574228.0
1.0,110173003.0,Glendale SD,Clearfield,2030183.0,,792272.0
1.0,110173504.0,Harmony Area SD,Clearfield,,1930000.0,2009718.0
1.0,110175003.0,Moshannon Valley SD,Clearfield,5366438.0,,1520816.0
1.0,110177003.0,Philipsburg-Osceola Area SD,Clearfield,4310000.0,,609228.0
1.0,110179003.0,West Branch Area SD,Clearfield,6709799.0,58231.0,2949914.0
1.0,110183602.0,Keystone Central SD,Clinton,10106177.0,2824682.0,5930550.0
1.0,116191004.0,Benton Area SD,Columbia,360000.0,435000.0,1453597.0
1.0,116191103.0,Berwick Area SD,Columbia,,10856436.0,
1.0,116191203.0,Bloomsburg Area SD,Columbia,3500000.0,2295067.0,1667195.0
1.0,116191503.0,Central Columbia SD,Columbia,4683892.0,575000.0,7426530.0
1.0,116195004.0,Millville Area SD,Columbia,1511456.0,,3659625.0
1.0,116197503.0,Southern Columbia Area SD,Columbia,603000.0,6427422.0,3138497.0
1.0,105201033.0,Conneaut SD,Crawford,8790193.0,,3648691.0
1.0,105201352.0,Crawford Central SD,Crawford,,10384287.0,5200000.0
1.0,105204703.0,Penncrest SD,Crawford,1697507.0,7982008.0,4080945.0
1.0,115210503.0,Big Spring SD,Cumberland,554000.0,8522221.0,4421658.0
1.0,115211003.0,Camp Hill SD,Cumberland,3101740.0,6330000.0,1902938.0
1.0,115211103.0,Carlisle Area SD,Cumberland,1297990.0,17313000.0,14544032.0
1.0,115211603.0,Cumberland Valley SD,Cumberland,4719932.0,,17646744.0
1.0,115212503.0,East Pennsboro Area SD,Cumberland,2970000.0,,3018511.0
1.0,115216503.0,Mechanicsburg Area SD,Cumberland,13770000.0,,4999250.0
1.0,115218003.0,Shippensburg Area SD,Cumberland,2821112.0,10201065.0,3602013.0
1.0,115218303.0,South Middleton SD,Cumberland,4986576.0,759924.0,3441113.0
1.0,115221402.0,Central Dauphin SD,Dauphin,6186009.0,8500000.0,17764690.0
1.0,115221753.0,Derry Township SD,Dauphin,8750000.0,,5104052.0
1.0,115222504.0,Halifax Area SD,Dauphin,2222092.0,,2297796.0
1.0,115222752.0,Harrisburg City SD,Dauphin,500000.0,3953325.0,17823716.0
1.0,115224003.0,Lower Dauphin SD,Dauphin,7600000.0,6140471.0,1544354.0
1.0,115226003.0,Middletown Area SD,Dauphin,11710521.0,643149.0,3901464.0
1.0,115226103.0,Millersburg Area SD,Dauphin,725000.0,211989.0,3632661.0
1.0,115228003.0,Steelton-Highspire SD,Dauphin,,,-7661865.0
1.0,115228303.0,Susquehanna Township SD,Dauphin,,8824287.0,5234581.0
1.0,115229003.0,Upper Dauphin Area SD,Dauphin,7694618.0,,1939114.0
1.0,125231232.0,Chester-Upland SD,Delaware,,,-15846297.0
1.0,125231303.0,Chichester SD,Delaware,,4073380.0,5524735.0
1.0,125234103.0,Garnet Valley SD,Delaware,5100000.0,,8851158.0
1.0,125234502.0,Haverford Township SD,Delaware,16784599.0,,11121444.0
1.0,125235103.0,Interboro SD,Delaware,5402018.0,,8014381.0
1.0,125235502.0,Marple Newtown SD,Delaware,6922405.0,3250000.0,8500000.0
1.0,125236903.0,Penn-Delco SD,Delaware,9586979.0,6929270.0,5485823.0
1.0,125237603.0,Radnor Township SD,Delaware,23964184.0,,9198466.0
1.0,125237702.0,Ridley SD,Delaware,,,-2411116.0
1.0,125237903.0,Rose Tree Media SD,Delaware,,3134889.0,9477204.0
1.0,125238402.0,Southeast Delco SD,Delaware,,,
1.0,125238502.0,Springfield SD,Delaware,2000000.0,,5011467.0
1.0,125239452.0,Upper Darby SD,Delaware,4194440.0,18000390.0,11948512.0
1.0,125239603.0,Wallingford-Swarthmore SD,Delaware,2500000.0,,8520879.0
1.0,125239652.0,William Penn SD,Delaware,,,-524246.0
1.0,109243503.0,Johnsonburg Area SD,Elk,3324004.0,,2523291.0
1.0,109246003.0,Ridgway Area SD,Elk,1750000.0,472567.0,
1.0,109248003.0,Saint Marys Area SD,Elk,5692734.0,,2489375.0
1.0,105251453.0,Corry Area SD,Erie,4021374.0,,6126864.0
1.0,105252602.0,Erie City SD,Erie,,3867960.0,22383591.0
1.0,105253303.0,Fairview SD,Erie,9526921.0,,4043527.0
1.0,105253553.0,Fort LeBoeuf SD,Erie,9313749.0,1570000.0,2930256.0
1.0,105253903.0,General McLane SD,Erie,9096553.0,,10725778.0
1.0,105254053.0,Girard SD,Erie,167302.0,7654150.0,2776431.0
1.0,105254353.0,Harbor Creek SD,Erie,5000000.0,6242744.0,2006751.0
1.0,105256553.0,Iroquois SD,Erie,5300000.0,,5281004.0
1.0,105257602.0,Millcreek Township SD,Erie,3254642.0,6972598.0,9231966.0
1.0,105258303.0,North East SD,Erie,7191650.0,402677.0,1922959.0
1.0,105258503.0,Northwestern SD,Erie,12115105.0,22597.0,2306578.0
1.0,105259103.0,Union City Area SD,Erie,,4554973.0,247329.0
1.0,105259703.0,Wattsburg Area SD,Erie,1854701.0,54908.0,3261402.0
1.0,101260303.0,Albert Gallatin Area SD,Fayette,,3251428.0,9232257.0
1.0,101260803.0,Brownsville Area SD,Fayette,,,3542942.0
1.0,101261302.0,Connellsville Area SD,Fayette,,15532438.0,6136616.0
1.0,101262903.0,Frazier SD,Fayette,,106653.0,
1.0,101264003.0,Laurel Highlands SD,Fayette,1289686.0,,1012976.0
1.0,101268003.0,Uniontown Area SD,Fayette,,,6747212.0
1.0,106272003.0,Forest Area SD,Forest,1786870.0,,3631588.0
1.0,112281302.0,Chambersburg Area SD,Franklin,6184991.0,31819728.0,
1.0,112282004.0,Fannett-Metal SD,Franklin,2701425.0,18632.0,1061953.0
1.0,112283003.0,Greencastle-Antrim SD,Franklin,8963545.0,7286175.0,
1.0,112286003.0,Tuscarora SD,Franklin,6902793.0,,5795511.0
1.0,112289003.0,Waynesboro Area SD,Franklin,274942.0,5694073.0,5568124.0
1.0,111291304.0,Central Fulton SD,Fulton,,2545565.0,
1.0,111292304.0,Forbes Road SD,Fulton,3620000.0,,100974.0
1.0,111297504.0,Southern Fulton SD,Fulton,,,
1.0,101301303.0,Carmichaels Area SD,Greene,,,
1.0,101301403.0,Central Greene SD,Greene,,2195774.0,7424974.0
1.0,101303503.0,Jefferson-Morgan SD,Greene,2000000.0,13657.0,3219868.0
1.0,101306503.0,Southeastern Greene SD,Greene,,1578882.0,2454425.0
1.0,101308503.0,West Greene SD,Greene,20210014.0,16539.0,2010868.0
1.0,111312503.0,Huntingdon Area SD,Huntingdon,,1618945.0,1304102.0
1.0,111312804.0,Juniata Valley SD,Huntingdon,600000.0,4531739.0,1172742.0
1.0,111316003.0,Mount Union Area SD,Huntingdon,,,2256462.0
1.0,111317503.0,Southern Huntingdon County SD,Huntingdon,,5600000.0,678256.0
1.0,128323303.0,Homer-Center SD,Indiana,2390800.0,405860.0,1872428.0
1.0,128323703.0,Indiana Area SD,Indiana,748972.0,22037.0,7839590.0
1.0,128325203.0,Marion Center Area SD,Indiana,,254491.0,3760886.0
1.0,128326303.0,Penns Manor Area SD,Indiana,2698934.0,,3024105.0
1.0,128327303.0,Purchase Line SD,Indiana,,6838929.0,1654429.0
1.0,128321103.0,River Valley SD,Indiana,,,
1.0,128328003.0,United SD,Indiana,1350000.0,7081543.0,2015147.0
1.0,106330703.0,Brockway Area SD,Jefferson,1599000.0,6902046.0,987481.0
1.0,106330803.0,Brookville Area SD,Jefferson,8692042.0,143407.0,9244219.0
1.0,106338003.0,Punxsutawney Area SD,Jefferson,6700082.0,13575.0,8854166.0
1.0,111343603.0,Juniata County SD,Juniata,4932978.0,,3594524.0
1.0,119350303.0,Abington Heights SD,Lackawanna,1500000.0,7000000.0,1819505.0
1.0,119351303.0,Carbondale Area SD,Lackawanna,,,5592525.0
1.0,119352203.0,Dunmore SD,Lackawanna,500000.0,,2453049.0
1.0,119354603.0,Lakeland SD,Lackawanna,,3340229.0,
1.0,119355503.0,Mid Valley SD,Lackawanna,,3080000.0,2535683.0
1.0,119356503.0,North Pocono SD,Lackawanna,4580819.0,,
1.0,119356603.0,Old Forge SD,Lackawanna,,,1623486.0
1.0,119357003.0,Riverside SD,Lackawanna,,,6045203.0
1.0,119357402.0,Scranton SD,Lackawanna,,,24253523.0
1.0,119358403.0,Valley View SD,Lackawanna,,,536673.0
1.0,113361303.0,Cocalico SD,Lancaster,8820000.0,1516373.0,5879043.0
1.0,113361503.0,Columbia Borough SD,Lancaster,7496368.0,,2465489.0
1.0,113361703.0,Conestoga Valley SD,Lancaster,9196809.0,408173.0,7371213.0
1.0,113362203.0,Donegal SD,Lancaster,10095000.0,3470000.0,3600432.0
1.0,113362303.0,Eastern Lancaster County SD,Lancaster,7947638.0,,3589727.0
1.0,113362403.0,Elizabethtown Area SD,Lancaster,8700000.0,5900000.0,1539322.0
1.0,113362603.0,Ephrata Area SD,Lancaster,10950000.0,646718.0,6754573.0
1.0,113363103.0,Hempfield SD,Lancaster,3000000.0,17037149.0,10000000.0
1.0,113363603.0,Lampeter-Strasburg SD,Lancaster,,7237858.0,5049033.0
1.0,113364002.0,Lancaster SD,Lancaster,2500000.0,2970215.0,12185689.0
1.0,113364403.0,Manheim Central SD,Lancaster,,22050000.0,4849742.0
1.0,113364503.0,Manheim Township SD,Lancaster,12211128.0,8628.0,9436629.0
1.0,113365203.0,Penn Manor SD,Lancaster,15000929.0,,7175770.0
1.0,113365303.0,Pequea Valley SD,Lancaster,,,25485939.0
1.0,113367003.0,Solanco SD,Lancaster,6500000.0,200988.0,2917221.0
1.0,113369003.0,Warwick SD,Lancaster,13250000.0,,6034961.0
1.0,104372003.0,Ellwood City Area SD,Lawrence,,2500000.0,1797252.0
1.0,104374003.0,Laurel SD,Lawrence,,7400437.0,195301.0
1.0,104375003.0,Mohawk Area SD,Lawrence,3682000.0,4410750.0,1593021.0
1.0,104375203.0,Neshannock Township SD,Lawrence,,5664819.0,1850000.0
1.0,104375302.0,New Castle Area SD,Lawrence,,2624482.0,4010000.0
1.0,104376203.0,Shenango Area SD,Lawrence,,,1819562.0
1.0,104377003.0,Union Area SD,Lawrence,,2695557.0,1000000.0
1.0,104378003.0,Wilmington Area SD,Lawrence,,4974679.0,680796.0
1.0,113380303.0,Annville-Cleona SD,Lebanon,7137241.0,,2564008.0
1.0,113381303.0,Cornwall-Lebanon SD,Lebanon,,13249657.0,6636435.0
1.0,113382303.0,Eastern Lebanon County SD,Lebanon,1000000.0,6000000.0,2782302.0
1.0,113384603.0,Lebanon SD,Lebanon,32995.0,23000000.0,18906062.0
1.0,113385003.0,Northern Lebanon SD,Lebanon,929254.0,1000000.0,4196582.0
1.0,113385303.0,Palmyra Area SD,Lebanon,500000.0,2767138.0,5121637.0
1.0,121390302.0,Allentown City SD,Lehigh,,,71706894.0
1.0,121391303.0,Catasauqua Area SD,Lehigh,3600000.0,,3003449.0
1.0,121392303.0,East Penn SD,Lehigh,3407605.0,11134946.0,9709613.0
1.0,121394503.0,Northern Lehigh SD,Lehigh,2363243.0,11156202.0,2294536.0
1.0,121394603.0,Northwestern Lehigh SD,Lehigh,9037190.0,6223999.0,1486299.0
1.0,121395103.0,Parkland SD,Lehigh,24666140.0,9474287.0,6419246.0
1.0,121395603.0,Salisbury Township SD,Lehigh,14000000.0,250000.0,3392860.0
1.0,121395703.0,Southern Lehigh SD,Lehigh,,19766381.0,4200000.0
1.0,121397803.0,Whitehall-Coplay SD,Lehigh,2014080.0,2000000.0,6938693.0
1.0,118401403.0,Crestwood SD,Luzerne,,250000.0,1124045.0
1.0,118401603.0,Dallas SD,Luzerne,,,-1212895.0
1.0,118402603.0,Greater Nanticoke Area SD,Luzerne,,3751160.0,2851956.0
1.0,118403003.0,Hanover Area SD,Luzerne,,,5818370.0
1.0,118403302.0,Hazleton Area SD,Luzerne,20595942.0,500000.0,16499117.0
1.0,118403903.0,Lake-Lehman SD,Luzerne,500000.0,4200000.0,2000058.0
1.0,118406003.0,Northwest Area SD,Luzerne,505737.0,,85250.0
1.0,118406602.0,Pittston Area SD,Luzerne,,2981682.0,5197704.0
1.0,118408852.0,Wilkes-Barre Area SD,Luzerne,,,11259593.0
1.0,118409203.0,Wyoming Area SD,Luzerne,,569311.0,3431952.0
1.0,118409302.0,Wyoming Valley West SD,Luzerne,,16922211.0,
1.0,117412003.0,East Lycoming SD,Lycoming,4510389.0,,3397639.0
1.0,117414003.0,Jersey Shore Area SD,Lycoming,4062803.0,,5781235.0
1.0,117414203.0,Loyalsock Township SD,Lycoming,2995000.0,329490.0,7009424.0
1.0,117415004.0,Montgomery Area SD,Lycoming,630000.0,4375635.0,1842615.0
1.0,117415103.0,Montoursville Area SD,Lycoming,359550.0,,3413844.0
1.0,117415303.0,Muncy SD,Lycoming,1159000.0,,2372913.0
1.0,117416103.0,South Williamsport Area SD,Lycoming,,2100000.0,3205645.0
1.0,117417202.0,Williamsport Area SD,Lycoming,5405184.0,14275000.0,7909323.0
1.0,109420803.0,Bradford Area SD,McKean,7677740.0,1106128.0,5153552.0
1.0,109422303.0,Kane Area SD,McKean,5906484.0,,2384285.0
1.0,109426003.0,Otto-Eldred SD,McKean,879814.0,315981.0,2236632.0
1.0,109426303.0,Port Allegany SD,McKean,4400000.0,934315.0,4435389.0
1.0,109427503.0,Smethport Area SD,McKean,2859170.0,,3758103.0
1.0,104431304.0,Commodore Perry SD,Mercer,3150235.0,784326.0,1491704.0
1.0,104432503.0,Farrell Area SD,Mercer,,5935060.0,1950000.0
1.0,104432803.0,Greenville Area SD,Mercer,,2919802.0,1697718.0
1.0,104432903.0,Grove City Area SD,Mercer,,7080565.0,3298684.0
1.0,104433303.0,Hermitage SD,Mercer,1850000.0,2748997.0,2873556.0
1.0,104433604.0,Jamestown Area SD,Mercer,,,1150784.0
1.0,104433903.0,Lakeview SD,Mercer,1687494.0,2094642.0,2956885.0
1.0,104435003.0,Mercer Area SD,Mercer,,,-55288.0
1.0,104435303.0,Reynolds SD,Mercer,,3790903.0,1842408.0
1.0,104435603.0,Sharon City SD,Mercer,3000000.0,5000000.0,518439.0
1.0,104435703.0,Sharpsville Area SD,Mercer,,2309161.0,1676562.0
1.0,104437503.0,West Middlesex Area SD,Mercer,,2793901.0,1232463.0
1.0,111444602.0,Mifflin County SD,Mifflin,302546.0,18216140.0,7572040.0
1.0,120452003.0,East Stroudsburg Area SD,Monroe,24000000.0,23498602.0,2985915.0
1.0,120455203.0,Pleasant Valley SD,Monroe,10988013.0,1167343.0,17852721.0
1.0,120455403.0,Pocono Mountain SD,Monroe,2000000.0,,20409175.0
1.0,120456003.0,Stroudsburg Area SD,Monroe,5240073.0,2544301.0,17137037.0
1.0,123460302.0,Abington SD,Montgomery,27181144.0,,
1.0,123460504.0,Bryn Athyn SD,Montgomery,,,852378.0
1.0,123461302.0,Cheltenham SD,Montgomery,,22478659.0,9688714.0
1.0,123461602.0,Colonial SD,Montgomery,16412233.0,1000000.0,17838440.0
1.0,123463603.0,Hatboro-Horsham SD,Montgomery,12731631.0,3231933.0,8871510.0
1.0,123463803.0,Jenkintown SD,Montgomery,,175000.0,1290652.0
1.0,123464502.0,Lower Merion SD,Montgomery,13300000.0,,2123212.0
1.0,123464603.0,Lower Moreland Township SD,Montgomery,1450000.0,2800000.0,2884893.0
1.0,123465303.0,Methacton SD,Montgomery,,,8860958.0
1.0,123465602.0,Norristown Area SD,Montgomery,,42000000.0,11753594.0
1.0,123465702.0,North Penn SD,Montgomery,28165168.0,2700000.0,22474854.0
1.0,123466103.0,Perkiomen Valley SD,Montgomery,10644038.0,,10061343.0
1.0,123466303.0,Pottsgrove SD,Montgomery,18427099.0,1200000.0,2740418.0
1.0,123466403.0,Pottstown SD,Montgomery,13437173.0,740132.0,11405898.0
1.0,123467103.0,Souderton Area SD,Montgomery,1000000.0,2131053.0,5014251.0
1.0,123467203.0,Springfield Township SD,Montgomery,,19142450.0,3876331.0
1.0,123467303.0,Spring-Ford Area SD,Montgomery,1261152.0,4154200.0,12625874.0
1.0,123468303.0,Upper Dublin SD,Montgomery,5100000.0,348000.0,8773327.0
1.0,123468402.0,Upper Merion Area SD,Montgomery,,9800000.0,9076285.0
1.0,123468503.0,Upper Moreland Township SD,Montgomery,2200000.0,900000.0,10984410.0
1.0,123468603.0,Upper Perkiomen SD,Montgomery,5500000.0,3074537.0,4648234.0
1.0,123469303.0,Wissahickon SD,Montgomery,12047130.0,,4888441.0
1.0,116471803.0,Danville Area SD,Montour,,4868120.0,5469500.0
1.0,120480803.0,Bangor Area SD,Northampton,,12117557.0,4989032.0
1.0,120481002.0,Bethlehem Area SD,Northampton,42000000.0,11011217.0,14054183.0
1.0,120483302.0,Easton Area SD,Northampton,20000000.0,5260588.0,3548237.0
1.0,120484803.0,Nazareth Area SD,Northampton,22055067.0,1200000.0,6387131.0
1.0,120484903.0,Northampton Area SD,Northampton,,12125219.0,6884688.0
1.0,120485603.0,Pen Argyl Area SD,Northampton,2530765.0,1500000.0,2856957.0
1.0,120486003.0,Saucon Valley SD,Northampton,14500000.0,,3927942.0
1.0,120488603.0,Wilson Area SD,Northampton,4855621.0,,9436326.0
1.0,116493503.0,Line Mountain SD,Northumberland,4027292.0,164045.0,5222374.0
1.0,116495003.0,Milton Area SD,Northumberland,2000000.0,2000000.0,7270624.0
1.0,116495103.0,Mount Carmel Area SD,Northumberland,,,2354845.0
1.0,116496503.0,Shamokin Area SD,Northumberland,,16874.0,2461113.0
1.0,116496603.0,Shikellamy SD,Northumberland,,7066621.0,3746786.0
1.0,116498003.0,Warrior Run SD,Northumberland,,9513991.0,1753708.0
1.0,115503004.0,Greenwood SD,Perry,,,1712862.0
1.0,115504003.0,Newport SD,Perry,5242907.0,589588.0,1691354.0
1.0,115506003.0,Susquenita SD,Perry,,,
1.0,115508003.0,West Perry SD,Perry,6545027.0,2330000.0,3510418.0
1.0,126515001.0,Philadelphia City SD,Philadelphia,,15081468.0,432523025.0
1.0,120522003.0,Delaware Valley SD,Pike,18662053.0,,115787.0
1.0,119648303.0,Wallenpaupack Area SD,Pike,6718586.0,3961582.0,
1.0,109530304.0,Austin Area SD,Potter,700000.0,5803.0,888054.0
1.0,109531304.0,Coudersport Area SD,Potter,4617506.0,1264439.0,409380.0
1.0,109532804.0,Galeton Area SD,Potter,374657.0,64001.0,892718.0
1.0,109535504.0,Northern Potter SD,Potter,3040000.0,,2112622.0
1.0,109537504.0,Oswayo Valley SD,Potter,1318374.0,1462808.0,19686.0
1.0,129540803.0,Blue Mountain SD,Schuylkill,2675000.0,3174135.0,
1.0,129544503.0,Mahanoy Area SD,Schuylkill,3400000.0,,1294474.0
1.0,129544703.0,Minersville Area SD,Schuylkill,710000.0,,2283992.0
1.0,129545003.0,North Schuylkill SD,Schuylkill,450000.0,,6458719.0
1.0,129546003.0,Pine Grove Area SD,Schuylkill,2935716.0,1440125.0,2480918.0
1.0,129546103.0,Pottsville Area SD,Schuylkill,11845256.0,1626193.0,3905154.0
1.0,129546803.0,Saint Clair Area SD,Schuylkill,,6236333.0,1264410.0
1.0,129547303.0,Schuylkill Haven Area SD,Schuylkill,3067700.0,1779793.0,853251.0
1.0,129547203.0,Shenandoah Valley SD,Schuylkill,6368000.0,135606.0,3214679.0
1.0,129547603.0,Tamaqua Area SD,Schuylkill,,,3348343.0
1.0,129547803.0,Tri-Valley SD,Schuylkill,,3592655.0,1154715.0
1.0,129548803.0,Williams Valley SD,Schuylkill,,,632652.0
1.0,116555003.0,Midd-West SD,Snyder,,,
1.0,116557103.0,Selinsgrove Area SD,Snyder,8164109.0,71326.0,2946211.0
1.0,108561003.0,Berlin Brothersvalley SD,Somerset,,48015.0,2915190.0
1.0,108561803.0,Conemaugh Township Area SD,Somerset,,2300000.0,2553258.0
1.0,108565203.0,Meyersdale Area SD,Somerset,4597807.0,100000.0,1604106.0
1.0,108565503.0,North Star SD,Somerset,,5684596.0,6521843.0
1.0,108566303.0,Rockwood Area SD,Somerset,500000.0,1000000.0,4402641.0
1.0,108567004.0,Salisbury-Elk Lick SD,Somerset,,,2936847.0
1.0,108567204.0,Shade-Central City SD,Somerset,,438040.0,1476231.0
1.0,108567404.0,Shanksville-Stonycreek SD,Somerset,2080000.0,,2151895.0
1.0,108567703.0,Somerset Area SD,Somerset,7536829.0,,3760996.0
1.0,108568404.0,Turkeyfoot Valley Area SD,Somerset,,,1914773.0
1.0,108569103.0,Windber Area SD,Somerset,,1381626.0,7561119.0
1.0,117576303.0,Sullivan County SD,Sullivan,373355.0,352747.0,1681635.0
1.0,119581003.0,Blue Ridge SD,Susquehanna,6328937.0,,
1.0,119582503.0,Elk Lake SD,Susquehanna,2676922.0,,2343607.0
1.0,119583003.0,Forest City Regional SD,Susquehanna,4113000.0,,697401.0
1.0,119584503.0,Montrose Area SD,Susquehanna,1073927.0,,3875346.0
1.0,119584603.0,Mountain View SD,Susquehanna,,,384299.0
1.0,119586503.0,Susquehanna Community SD,Susquehanna,4150000.0,2506546.0,100000.0
1.0,117596003.0,Northern Tioga SD,Tioga,,11142465.0,3126425.0
1.0,117597003.0,Southern Tioga SD,Tioga,5481627.0,8106595.0,2273743.0
1.0,117598503.0,Wellsboro Area SD,Tioga,3319019.0,896888.0,7281007.0
1.0,116604003.0,Lewisburg Area SD,Union,,3546210.0,3011200.0
1.0,116605003.0,Mifflinburg Area SD,Union,10700001.0,,5112039.0
1.0,106611303.0,Cranberry Area SD,Venango,8568390.0,,1034963.0
1.0,106612203.0,Franklin Area SD,Venango,7651419.0,,975934.0
1.0,106616203.0,Oil City Area SD,Venango,,1921520.0,10019523.0
1.0,106617203.0,Titusville Area SD,Venango,5133919.0,,3100012.0
1.0,106618603.0,Valley Grove SD,Venango,6126165.0,,1450446.0
1.0,105628302.0,Warren County SD,Warren,14343349.0,,4744457.0
1.0,101630504.0,Avella Area SD,Washington,,,
1.0,101630903.0,Bentworth SD,Washington,650000.0,749575.0,1603902.0
1.0,101631003.0,Bethlehem-Center SD,Washington,,,-1416531.0
1.0,101631203.0,Burgettstown Area SD,Washington,,470071.0,201614.0
1.0,101631503.0,California Area SD,Washington,,1165880.0,1366544.0
1.0,101631703.0,Canon-McMillan SD,Washington,1500000.0,240959.0,8611658.0
1.0,101631803.0,Charleroi SD,Washington,,3534340.0,3634367.0
1.0,101631903.0,Chartiers-Houston SD,Washington,,8033048.0,1488536.0
1.0,101632403.0,Fort Cherry SD,Washington,,4567055.0,1747575.0
1.0,101633903.0,McGuffey SD,Washington,,2424272.0,2755197.0
1.0,101636503.0,Peters Township SD,Washington,,8500000.0,1400452.0
1.0,101637002.0,Ringgold SD,Washington,,3766154.0,1877260.0
1.0,101638003.0,Trinity Area SD,Washington,,3525943.0,3660650.0
1.0,101638803.0,Washington SD,Washington,,25769.0,1315177.0
1.0,119648703.0,Wayne Highlands SD,Wayne,6457634.0,,4386126.0
1.0,119648903.0,Western Wayne SD,Wayne,840391.0,7303089.0,2545968.0
1.0,107650603.0,Belle Vernon Area SD,Westmoreland,750000.0,131417.0,3494000.0
1.0,107650703.0,Burrell SD,Westmoreland,830000.0,,3129815.0
1.0,107651603.0,Derry Area SD,Westmoreland,1072465.0,9167950.0,
1.0,107652603.0,Franklin Regional SD,Westmoreland,4940855.0,66303.0,5721896.0
1.0,107653102.0,Greater Latrobe SD,Westmoreland,,,4968065.0
1.0,107653203.0,Greensburg Salem SD,Westmoreland,,,8727952.0
1.0,107653802.0,Hempfield Area SD,Westmoreland,9000000.0,,8390558.0
1.0,107654103.0,Jeannette City SD,Westmoreland,774388.0,263020.0,5125675.0
1.0,107654403.0,Kiski Area SD,Westmoreland,,,8102929.0
1.0,107654903.0,Ligonier Valley SD,Westmoreland,6897819.0,,3034518.0
1.0,107655803.0,Monessen City SD,Westmoreland,,,5348196.0
1.0,107655903.0,Mount Pleasant Area SD,Westmoreland,,,5484675.0
1.0,107656303.0,New Kensington-Arnold SD,Westmoreland,,,4376682.0
1.0,107656502.0,Norwin SD,Westmoreland,,6110753.0,5657617.0
1.0,107657103.0,Penn-Trafford SD,Westmoreland,5000000.0,3497015.0,
1.0,107657503.0,Southmoreland SD,Westmoreland,,868270.0,3679046.0
1.0,107658903.0,Yough SD,Westmoreland,,,4190529.0
1.0,119665003.0,Lackawanna Trail SD,Wyoming,,7295836.0,2675152.0
1.0,118667503.0,Tunkhannock Area SD,Wyoming,6200000.0,,4004476.0
1.0,112671303.0,Central York SD,York,1268189.0,,2549426.0
1.0,112671603.0,Dallastown Area SD,York,,8094750.0,10185429.0
1.0,112671803.0,Dover Area SD,York,7788763.0,1568245.0,5777257.0
1.0,112672203.0,Eastern York SD,York,,3500000.0,4315066.0
1.0,112672803.0,Hanover Public SD,York,,2433650.0,7581938.0
1.0,112674403.0,Northeastern York SD,York,3000000.0,8250000.0,6505930.0
1.0,115674603.0,Northern York County SD,York,2860612.0,92545.0,7151400.0
1.0,112675503.0,Red Lion Area SD,York,5861466.0,11689327.0,7854384.0
1.0,112676203.0,South Eastern SD,York,22661952.0,,4064833.0
1.0,112676403.0,South Western SD,York,43207.0,2665461.0,6630697.0
1.0,112676503.0,Southern York County SD,York,,16860660.0,3283747.0
1.0,112676703.0,Spring Grove Area SD,York,,7500000.0,2887866.0
1.0,115219002.0,West Shore SD,York,2500000.0,5037132.0,17853429.0
1.0,112678503.0,West York Area SD,York,,,10755739.0
1.0,112679002.0,York City SD,York,,20877345.0,14376900.0
1.0,112679403.0,York Suburban SD,York,,8746373.0,5008435.0
3.0,112015106.0,Adams County Technical Institute,Adams,,,333684.0
3.0,103020407.0,A W Beattie Career Center,Allegheny,,555712.0,2637972.0
3.0,103023807.0,Forbes Road CTC,Allegheny,,92394.0,
3.0,103027307.0,Parkway West CTC,Allegheny,,1109178.0,
3.0,103028807.0,Steel Center for Career and Technical Education,Allegheny,,3637340.0,
3.0,128034607.0,Lenape Tech,Armstrong,,702644.0,
3.0,127041307.0,Beaver County CTC,Beaver,97699.0,286435.0,506482.0
3.0,108051307.0,Bedford County Technical Center,Bedford,,,644374.0
3.0,114060557.0,Berks CTC,Berks,,933520.0,2590223.0
3.0,114067107.0,Reading Muhlenberg CTC,Berks,,,350000.0
3.0,108070607.0,Greater Altoona CTC,Blair,,,
3.0,117080607.0,Northern Tier Career Center,Bradford,134275.0,,1320693.0
3.0,122091457.0,Bucks County Technical High School,Bucks,812299.0,,6041805.0
3.0,122097007.0,Middle Bucks Institute of Technology,Bucks,,,339604.0
3.0,122099007.0,Upper Bucks County Technical School,Bucks,,2147009.0,1055586.0
3.0,104101307.0,Butler County AVTS,Butler,,40920.0,
3.0,108110307.0,Admiral Peary AVTS,Cambria,,,432250.0
3.0,108112607.0,Greater Johnstown CTC,Cambria,,2304240.0,
3.0,121131507.0,Carbon Career & Technical Institute,Carbon,2356669.0,,1704916.0
3.0,110141607.0,Central PA Institute of Science & Technology,Centre,,,234137.0
3.0,124151607.0,Chester County Technical College HS,Chester,357027.0,110247.0,283068.0
3.0,106161357.0,Clarion County Career Center,Clarion,,507355.0,
3.0,110171607.0,Clearfield County CTC,Clearfield,,,906291.0
3.0,116191757.0,Columbia-Montour AVTS,Columbia,45195.0,,2450442.0
3.0,105201407.0,Crawford County CTC,Crawford,125000.0,500009.0,1002809.0
3.0,115211657.0,Cumberland Perry Area Career & Technical Center,Cumberland,1490017.0,,
3.0,115221607.0,Dauphin County Technical School,Dauphin,681709.0,53991.0,
3.0,125232407.0,Delaware County Technical High School,Delaware,,,
3.0,105252807.0,Erie County Technical School,Erie,,795537.0,1815409.0
3.0,101266007.0,Connellsville Area Career & Technical Center,Fayette,,,
3.0,101262507.0,Fayette County Career & Technical Institute,Fayette,,388555.0,
3.0,112282307.0,Franklin County CTC,Franklin,37248.0,700000.0,503297.0
3.0,111292507.0,Fulton County Center for Career and Technology,Fulton,,,
3.0,101302607.0,Greene County CTC,Greene,,,5000.0
3.0,111312607.0,Huntingdon County CTC,Huntingdon,,,
3.0,128324207.0,Indiana County Technology Center,Indiana,1500000.0,106615.0,509083.0
3.0,106333407.0,Jefferson County-DuBois AVTS,Jefferson,435966.0,,170685.0
3.0,119354207.0,CTC of Lackawanna County,Lackawanna,,,
3.0,113363807.0,Lancaster County CTC,Lancaster,,,3554473.0
3.0,104374207.0,Lawrence County CTC,Lawrence,,,
3.0,113384307.0,Lebanon County CTC,Lebanon,,5279.0,
3.0,121393007.0,Lehigh Career & Technical Institute,Lehigh,972000.0,3954816.0,663934.0
3.0,118408707.0,West Side CTC,Luzerne,,,
3.0,118408607.0,Wilkes-Barre Area CTC,Luzerne,,,5209.0
3.0,117414807.0,Lycoming CTC,Lycoming,,,50000.0
3.0,109420107.0,Seneca Highlands Career and Technical Center,McKean,363560.0,166144.0,176598.0
3.0,104435107.0,Mercer County Career Center,Mercer,,2602257.0,
3.0,111444307.0,Mifflin County Academy of Science and Technology,Mifflin,,,2232927.0
3.0,120454507.0,Monroe Career & Tech Inst,Monroe,2511090.0,,50.0
3.0,123460957.0,Central Montco Technical High School,Montgomery,,,550001.0
3.0,123463507.0,Eastern Center for Arts & Technology,Montgomery,275000.0,2806050.0,1370019.0
3.0,123465507.0,North Montco Tech Career Center,Montgomery,,1114329.0,1007971.0
3.0,123469007.0,Western Montgomery CTC,Montgomery,,,331666.0
3.0,120481107.0,Bethlehem AVTS,Northampton,,,
3.0,120483007.0,Career Institute of Technology,Northampton,1178432.0,387013.0,2289429.0
3.0,116495207.0,Northumberland County CTC,Northumberland,,,180694.0
3.0,126514007.0,Philadelphia AVTS,Philadelphia,,,
3.0,129546907.0,Schuylkill Technology Centers,Schuylkill,,50000.0,500000.0
3.0,108567807.0,Somerset County Technology Center,Somerset,,548226.0,856403.0
3.0,119584707.0,Susquehanna County CTC,Susquehanna,476102.0,,842835.0
3.0,116606707.0,SUN Area Technical Institute,Union,143611.0,1385985.0,665266.0
3.0,106619107.0,Venango Technology Center,Venango,,936094.0,9063.0
3.0,101634207.0,Mon Valley CTC,Washington,,666273.0,
3.0,101638907.0,Western Area CTC,Washington,1948568.0,,
3.0,107651207.0,Central Westmoreland CTC,Westmoreland,106041.0,,390104.0
3.0,107652207.0,Eastern Westmoreland CTC,Westmoreland,,,
3.0,107656407.0,Northern Westmoreland CTC,Westmoreland,,248003.0,
3.0,112679107.0,York Co School of Technology,York,1069987.0,,1355079.0
4.0,197010542.0,Gettysburg Montessori CS,Adams,254254.0,,1417598.0
4.0,141019741.0,Vida CS,Adams,,,1206809.0
4.0,102024758.0,Catalyst Academy CS,Allegheny,,,1718791.0
4.0,102020001.0,City CHS,Allegheny,,2826098.0,5520204.0
4.0,199025446.0,Environmental CS at Frick Park,Allegheny,,300000.0,6581018.0
4.0,103029865.0,Life Male STEAM Academy CS,Allegheny,,,-224554.0
4.0,102023030.0,Manchester Academic CS,Allegheny,2200000.0,,834590.0
4.0,102023217.0,Passport Academy CS,Allegheny,,179839.0,1754305.0
4.0,103022481.0,Penn Hills CS of Entrepreneurship,Allegheny,900000.0,,962862.0
4.0,115220003.0,Pennsylvania Distance Learning CS,Allegheny,11250000.0,,2393141.0
4.0,160028259.0,Propel CS-Braddock Hills,Allegheny,,1243052.0,
4.0,103020005.0,Propel CS-East,Allegheny,,,231744.0
4.0,103024952.0,Propel CS-Hazelwood,Allegheny,,636127.0,110086.0
4.0,103020002.0,Propel CS-Homestead,Allegheny,,2139962.0,
4.0,103020003.0,Propel CS-McKeesport,Allegheny,,,-1476971.0
4.0,103020004.0,Propel CS-Montour,Allegheny,,,345453.0
4.0,103028192.0,Propel CS-Northside,Allegheny,,1108351.0,713861.0
4.0,103024162.0,Propel CS-Pitcairn,Allegheny,,,-66919.0
4.0,102027560.0,Provident CS,Allegheny,,,3396879.0
4.0,103023410.0,Spectrum CS,Allegheny,,,951593.0
4.0,102020003.0,The New Academy CS,Allegheny,,,-359460.0
4.0,103023090.0,Urban Academy of Greater Pittsburgh CS,Allegheny,905000.0,517361.0,5400493.0
4.0,102023080.0,Urban Pathways 6-12 CS,Allegheny,1866253.0,,739045.0
4.0,103028246.0,Urban Pathways K-5 College CS,Allegheny,3000000.0,1000000.0,2680888.0
4.0,103028425.0,Westinghouse Arts Academy CS,Allegheny,,,317883.0
4.0,103020368.0,Young Scholars of Greater Allegheny CS,Allegheny,,,3962326.0
4.0,103025206.0,Young Scholars of Western Pennsylvania CS,Allegheny,765750.0,,4024540.0
4.0,127046517.0,Baden Academy CS,Beaver,,2000000.0,7456433.0
4.0,127040002.0,Lincoln Park Performing Arts CS,Beaver,238807.0,7875000.0,816770.0
4.0,127041735.0,Midland Innovation & Technology CS,Beaver,,,-1768168.0
4.0,127043430.0,Pennsylvania Cyber CS,Beaver,85137083.0,31491903.0,100898388.0
4.0,108057079.0,HOPE for Hyndman CS,Bedford,300000.0,,294297.0
4.0,108070001.0,Central PA Digital Learning Foundation CS,Blair,1795801.0,,272737.0
4.0,122093460.0,Bucks County Montessori CS,Bucks,,,2283239.0
4.0,122090001.0,Center for Student Learning CS at Pennsbury,Bucks,,3000000.0,2040755.0
4.0,122093140.0,School Lane CS,Bucks,,6718225.0,2421116.0
4.0,110143060.0,Centre Learning Community CS,Centre,157300.0,,150341.0
4.0,110143120.0,Nittany Valley CS,Centre,,,687420.0
4.0,110140001.0,Young Scholars of Central PA CS,Centre,395953.0,,2668065.0
4.0,124150002.0,21st Century Cyber CS,Chester,13781422.0,922673.0,9082099.0
4.0,125230001.0,Achievement House CS,Chester,,23000000.0,5416766.0
4.0,124150003.0,Avon Grove CS,Chester,,,7068649.0
4.0,124152880.0,Chester Co Family Academy CS,Chester,,,1616778.0
4.0,124153320.0,Collegium CS,Chester,,,6861147.0
4.0,124152637.0,Insight PA Cyber CS,Chester,43000000.0,,7549602.0
4.0,124150004.0,Pennsylvania Leadership CS,Chester,49900000.0,,25754863.0
4.0,124153350.0,Renaissance Academy CS,Chester,,2834577.0,4426032.0
4.0,101833400.0,Sugar Valley Rural CS,Clinton,4200000.0,,-378647.0
4.0,115227010.0,Capital Area School for the Arts CS,Dauphin,,,-189776.0
4.0,115220002.0,Commonwealth Charter Academy CS,Dauphin,,4239080.0,653216.0
4.0,115220001.0,Infinity CS,Dauphin,225087.0,41500.0,1022351.0
4.0,115227398.0,Pennsylvania STEAM Academy CS,Dauphin,,,629071.0
4.0,115222343.0,Premier Arts and Science CS,Dauphin,,2259811.0,
4.0,115227871.0,Reach Cyber CS,Dauphin,,51617612.0,6920757.0
4.0,115223050.0,Sylvan Heights Science CS,Dauphin,900000.0,,2264852.0
4.0,125236827.0,Chester Charter Scholars Academy CS,Delaware,6500000.0,,2215246.0
4.0,125232950.0,Chester Community CS,Delaware,,,40278370.0
4.0,125233517.0,Vision Academy CS,Delaware,,,575139.0
4.0,105257512.0,Erie Rise Leadership Academy CS,Erie,2400000.0,,192026.0
4.0,105250004.0,Montessori Regional CS,Erie,,1000000.0,1369593.0
4.0,105250001.0,Perseus House CS of Excellence,Erie,,1394910.0,2311666.0
4.0,105252920.0,Robert Benjamin Wiley Community CS,Erie,,4573242.0,
4.0,111440001.0,New Day CS,Huntingdon,1570000.0,1266159.0,411983.0
4.0,111315438.0,Stone Valley Community CS,Huntingdon,250000.0,,580070.0
4.0,119350001.0,Fell CS,Lackawanna,,,1103071.0
4.0,119355028.0,Howard Gardner Multiple Intelligence CS,Lackawanna,,,1093712.0
4.0,113362940.0,La Academia Partnership CS,Lancaster,,,1171853.0
4.0,121395927.0,Arts Academy CS,Lehigh,,2162971.0,
4.0,121399898.0,Arts Academy Elementary CS,Lehigh,,1530740.0,
4.0,121394017.0,Circle of Seasons CS,Lehigh,,3696985.0,
4.0,121398065.0,Executive Education Academy CS,Lehigh,,4977.0,6154986.0
4.0,121395526.0,Innovative Arts Academy CS,Lehigh,,5242771.0,
4.0,175390169.0,Lincoln Leadership Academy CS,Lehigh,,16258819.0,
4.0,121393330.0,Roberto Clemente CS,Lehigh,,2805024.0,1118283.0
4.0,188392660.0,Seven Generations CS,Lehigh,,,2308778.0
4.0,118400001.0,Bear Creek Community CS,Luzerne,1373369.0,,987279.0
4.0,104432830.0,Keystone Education Center CS,Mercer,,693877.0,2859098.0
4.0,120450003.0,Evergreen Community CS,Monroe,,,281846.0
4.0,126510020.0,Agora Cyber CS,Montgomery,,,23333487.0
4.0,123460001.0,Pennsylvania Virtual CS,Montgomery,,,24783895.0
4.0,123463370.0,Souderton CS Collaborative,Montgomery,,,885247.0
4.0,120486892.0,Easton Arts Academy Elementary CS,Northampton,,,1102612.0
4.0,120480002.0,Lehigh Valley Academy Regional CS,Northampton,5964270.0,,9452517.0
4.0,120483170.0,Lehigh Valley Charter High School for the Arts,Northampton,,641481.0,3378721.0
4.0,139481451.0,Lehigh Valley Dual Language CS,Northampton,,1626534.0,1580853.0
4.0,126510015.0,Ad Prima CS,Philadelphia,,,6282099.0
4.0,126512990.0,Alliance for Progress CS,Philadelphia,,,1763452.0
4.0,104510394.0,Antonia Pantoja Community CS,Philadelphia,,,3545922.0
4.0,181519176.0,ASPIRA Bilingual Cyber CS,Philadelphia,,,7872782.0
4.0,126510010.0,Belmont CS,Philadelphia,,,1638635.0
4.0,168513758.0,Bluford CS,Philadelphia,,,929661.0
4.0,185515523.0,Boys Latin of Philadelphia CS,Philadelphia,4650000.0,,3299078.0
4.0,126513160.0,Christopher Columbus CS,Philadelphia,,,13042374.0
4.0,126512840.0,Community Academy of Philadelphia CS,Philadelphia,16500000.0,,3419842.0
4.0,103519376.0,Daroff CS,Philadelphia,,,1794938.0
4.0,126516724.0,Deep Roots CS,Philadelphia,,500000.0,1226152.0
4.0,126510011.0,Discovery CS,Philadelphia,,,676481.0
4.0,126513440.0,Esperanza Academy CS,Philadelphia,,100.0,6166573.0
4.0,126511563.0,Esperanza Cyber CS,Philadelphia,,,17521844.0
4.0,126513100.0,Eugenio Maria De Hostos CS,Philadelphia,,,567990.0
4.0,100510000.0,First Philadelphia Preparatory CS,Philadelphia,,17028163.0,
4.0,126510021.0,Folk Arts-Cultural Treasures CS,Philadelphia,,,4409808.0
4.0,147513703.0,Franklin Towne Charter Elementary School,Philadelphia,,,11225408.0
4.0,126513450.0,Franklin Towne CHS,Philadelphia,,7988573.0,1522579.0
4.0,126518547.0,Frederick Douglass Mastery CS,Philadelphia,3667000.0,972223.0,
4.0,126513270.0,Freire CS,Philadelphia,,,2899787.0
4.0,126513380.0,Global Leadership Academy CS,Philadelphia,,,8135.0
4.0,126518004.0,Global Leadership Academy CS Southwest at Huey,Philadelphia,,,172371.0
4.0,126510005.0,Green Woods CS,Philadelphia,,3841416.0,1604869.0
4.0,126512850.0,Harambee Institute of Science and Technology CS,Philadelphia,,,1469331.0
4.0,126512980.0,Imhotep Institute CHS,Philadelphia,,,4837556.0
4.0,126513510.0,Independence CS,Philadelphia,6533642.0,,
4.0,126512039.0,Independence CS West,Philadelphia,3824604.0,,2985954.0
4.0,126513070.0,Inquiry CS,Philadelphia,,,2547985.0
4.0,133513315.0,John B Stetson CS,Philadelphia,,,
4.0,182514568.0,Keystone Academy CS,Philadelphia,7620620.0,,4099471.0
4.0,126514864.0,KIPP DuBois CS,Philadelphia,,,1741810.0
4.0,126514059.0,KIPP North Philadelphia CS,Philadelphia,,,1500919.0
4.0,126510013.0,KIPP Philadelphia CS,Philadelphia,,,-1812478.0
4.0,126515362.0,KIPP Philadelphia Octavius Catto CS,Philadelphia,,,-3036405.0
4.0,126515492.0,KIPP West Philadelphia CS,Philadelphia,,,-2828829.0
4.0,126513110.0,Laboratory CS,Philadelphia,,,1677209.0
4.0,126519476.0,Lindley Academy CS at Birney,Philadelphia,5050000.0,,-3406740.0
4.0,126513480.0,Mariana Bracetti Academy CS,Philadelphia,1577430.0,,4704950.0
4.0,126510014.0,Maritime Academy CS,Philadelphia,,,5835307.0
4.0,126513150.0,MAST Community CS,Philadelphia,19166900.0,,1118422.0
4.0,126513117.0,MaST Community CS II,Philadelphia,17201682.0,,4076861.0
4.0,126511624.0,MaST Community CS III,Philadelphia,14599175.0,,1808905.0
4.0,126510002.0,Mastery CHS-Lenfest Campus,Philadelphia,1461000.0,,1161999.0
4.0,126518118.0,Mastery CS John Wister Elementary,Philadelphia,2234000.0,908669.0,
4.0,126519644.0,Mastery CS-Cleveland Elementary,Philadelphia,5092000.0,1178576.0,
4.0,126511748.0,Mastery CS-Clymer Elementary,Philadelphia,1502000.0,928599.0,
4.0,126518795.0,Mastery CS-Francis D. Pastorius Elementary,Philadelphia,3936000.0,1200450.0,
4.0,126513734.0,Mastery CS-Gratz Campus,Philadelphia,8239000.0,2525705.0,
4.0,126513290.0,Mastery CS-Hardy Williams,Philadelphia,7425000.0,2404199.0,
4.0,126516457.0,Mastery CS-Harrity Campus,Philadelphia,4054000.0,1223166.0,
4.0,126519433.0,Mastery CS-Mann Campus,Philadelphia,4654000.0,989501.0,
4.0,151514721.0,Mastery CS-Pickett Campus,Philadelphia,4012000.0,1411728.0,
4.0,126510022.0,Mastery CS-Shoemaker Campus,Philadelphia,4188000.0,1392560.0,
4.0,126517286.0,Mastery CS-Smedley Campus,Philadelphia,4854000.0,1321136.0,
4.0,126510023.0,Mastery CS-Thomas Campus,Philadelphia,8626000.0,2010402.0,
4.0,126517643.0,Mastery Prep Elementary CS,Philadelphia,1729000.0,1008340.0,
4.0,126513230.0,Math Civics and Sciences CS,Philadelphia,,8672990.0,
4.0,126519392.0,Memphis Street Academy CS @ JP Jones,Philadelphia,3000000.0,,88248.0
4.0,126513000.0,Multicultural Academy CS,Philadelphia,,673573.0,295467.0
4.0,126513420.0,New Foundations CS,Philadelphia,11013000.0,,-340721.0
4.0,126510019.0,Northwood Academy CS,Philadelphia,,10140804.0,
4.0,126513452.0,Olney Charter High School,Philadelphia,,,
4.0,173515368.0,Pan American Academy CS,Philadelphia,,,2193382.0
4.0,126510004.0,People for People CS,Philadelphia,,,663932.0
4.0,126513280.0,Philadelphia Academy CS,Philadelphia,,9613780.0,
4.0,126510009.0,Philadelphia Electrical & Tech CHS,Philadelphia,,2793458.0,
4.0,126510929.0,Philadelphia Hebrew Public CS,Philadelphia,1500000.0,,805169.0
4.0,126510016.0,Philadelphia Montessori CS,Philadelphia,,,1137441.0
4.0,126513400.0,Philadelphia Performing Arts CS,Philadelphia,9672398.0,,1530570.0
4.0,126512960.0,Preparatory CS of Mathematics Science Tech and Careers,Philadelphia,,10728636.0,
4.0,126510008.0,Richard Allen Preparatory CS,Philadelphia,,1457774.0,
4.0,126510001.0,Russell Byers CS,Philadelphia,,5750000.0,1013651.0
4.0,114514135.0,Sankofa Freedom Academy CS,Philadelphia,,,3532334.0
4.0,108515107.0,Southwest Leadership Academy CS,Philadelphia,,,-2647488.0
4.0,192518422.0,Tacony Academy CS,Philadelphia,,,2828684.0
4.0,126511530.0,TECH Freire CS,Philadelphia,,,2085963.0
4.0,126515691.0,The Philadelphia CS for Arts and Sciences at HR Edmunds,Philadelphia,7850000.0,,3822003.0
4.0,126512674.0,Universal Alcorn CS,Philadelphia,,,2099450.0
4.0,126519434.0,Universal Audenried CS,Philadelphia,,,5321715.0
4.0,126517442.0,Universal Creighton CS,Philadelphia,,,5496078.0
4.0,126513210.0,Universal Institute CS,Philadelphia,,,1729141.0
4.0,126513415.0,Universal Vare CS,Philadelphia,,,748850.0
4.0,126513020.0,West Oak Lane CS,Philadelphia,,,4781757.0
4.0,126510006.0,West Phila. Achievement CES,Philadelphia,2000000.0,,2642016.0
4.0,126510007.0,Wissahickon CS,Philadelphia,6600000.0,,1601381.0
4.0,126513250.0,Young Scholars CS,Philadelphia,1000000.0,,1522095.0
4.0,126512870.0,Youth Build Phila CS,Philadelphia,,,24716453.0
4.0,129544907.0,Gillingham Charter School,Schuylkill,391916.0,,143804.0
4.0,105620001.0,Tidioute Community CS,Warren,1951717.0,,154184.0
4.0,101636920.0,California Academy of Learning CS,Washington,,,111482.0
4.0,107653040.0,Dr Robert Ketterer CS Inc,Westmoreland,753523.0,,9288302.0
4.0,112673300.0,Crispus Attucks CS,York,,,470908.0
4.0,112673500.0,Lincoln CS,York,,10538685.0,
4.0,189670676.0,York Academy Regional CS,York,,,5796754.0
6.0,113363705.0,Lancaster County Academy,Lancaster,,208000.0,39790.0
6.0,112679205.0,York Adams Academy,York,,,
,,,,,,
,,School District,,1830820842.0,1831008741.0,3121705814.0
,,AVTS / CTC,,17117495.0,29842170.0,42869531.0
,,Charter School,,447359956.0,298052867.0,573291701.0
,,Special Program Jointure,,0.0,208000.0,39790.0
,,Total,,2295298293.0,2159111778.0,3737906836.0
